{"_runtime":201.3972,"_step":6,"_wandb":{"runtime":211},"train_loss":6.191402912139893,"val_loss":7.087419033050537,"_timestamp":1.7435925853227131e+09}