{"_step":1,"train_loss":4.858283042907715,"val_loss":5.434026718139648,"_timestamp":1.7435916175449212e+09,"_wandb":{"runtime":262},"_runtime":195.634466}