{"train_loss":4.57627010345459,"val_loss":5.2928853034973145,"_wandb":{"runtime":265},"_timestamp":1.743593031979305e+09,"_runtime":197.773677,"_step":2}