{"_runtime":193.788519,"_step":2,"_wandb":{"runtime":257},"train_loss":4.5756635665893555,"val_loss":5.291459083557129,"_timestamp":1.743590597278242e+09}